name,label
stilettos/00000222.jpg,stilettos
stilettos/00000026.jpg,stilettos
stilettos/00000052.jpg,stilettos
stilettos/00000168.jpg,stilettos
stilettos/00000193.jpg,stilettos
stilettos/00000106.jpg,stilettos
stilettos/00000178.jpg,stilettos
stilettos/00000132.jpg,stilettos
stilettos/00000136.jpg,stilettos
stilettos/00000237.jpg,stilettos
stilettos/00000294.jpg,stilettos
stilettos/00000248.jpg,stilettos
stilettos/00000152.jpg,stilettos
stilettos/00000213.jpg,stilettos
stilettos/00000130.jpg,stilettos
stilettos/00000299.jpg,stilettos
stilettos/00000013.jpg,stilettos
stilettos/00000197.jpg,stilettos
stilettos/00000268.jpg,stilettos
stilettos/00000188.jpg,stilettos
stilettos/00000211.jpg,stilettos
stilettos/00000046.jpg,stilettos
stilettos/00000277.jpeg,stilettos
stilettos/00000189.jpg,stilettos
stilettos/00000007.jpg,stilettos
stilettos/00000231.jpg,stilettos
stilettos/00000190.jpg,stilettos
stilettos/00000145.jpeg,stilettos
stilettos/00000246.png,stilettos
stilettos/00000142.jpg,stilettos
stilettos/00000161.png,stilettos
stilettos/00000269.jpg,stilettos
stilettos/00000286.png,stilettos
stilettos/00000221.jpg,stilettos
stilettos/00000249.jpg,stilettos
stilettos/00000220.jpg,stilettos
stilettos/00000245.JPG,stilettos
stilettos/00000054.jpg,stilettos
stilettos/00000004.jpg,stilettos
stilettos/00000078.jpg,stilettos
stilettos/00000181.jpg,stilettos
stilettos/00000053.jpg,stilettos
stilettos/00000230.jpg,stilettos
stilettos/00000017.jpg,stilettos
stilettos/00000086.jpg,stilettos
stilettos/00000088.jpg,stilettos
stilettos/00000044.jpg,stilettos
stilettos/00000036.jpg,stilettos
stilettos/00000089.jpg,stilettos
stilettos/00000133.jpg,stilettos
stilettos/00000292.jpg,stilettos
stilettos/00000144.jpg,stilettos
stilettos/00000157.jpg,stilettos
stilettos/00000005.jpg,stilettos
stilettos/00000141.jpg,stilettos
stilettos/00000298.jpg,stilettos
stilettos/00000150.jpg,stilettos
stilettos/00000117.png,stilettos
stilettos/00000098.jpg,stilettos
stilettos/00000109.jpg,stilettos
stilettos/00000184.jpg,stilettos
stilettos/00000043.jpg,stilettos
stilettos/00000075.jpg,stilettos
stilettos/00000057.jpg,stilettos
stilettos/00000271.jpg,stilettos
stilettos/00000038.JPG,stilettos
stilettos/00000191.jpg,stilettos
stilettos/00000040.jpg,stilettos
stilettos/00000010.jpg,stilettos
stilettos/00000114.jpg,stilettos
stilettos/00000103.jpg,stilettos
stilettos/00000129.jpeg,stilettos
stilettos/00000282.jpg,stilettos
stilettos/00000250.jpg,stilettos
stilettos/00000223.jpg,stilettos
stilettos/00000135.jpg,stilettos
stilettos/00000096.jpg,stilettos
stilettos/00000100.jpg,stilettos
stilettos/00000255.jpeg,stilettos
stilettos/00000265.jpg,stilettos
stilettos/00000112.jpg,stilettos
stilettos/00000002.jpg,stilettos
stilettos/00000147.jpg,stilettos
stilettos/00000064.jpg,stilettos
stilettos/00000107.jpeg,stilettos
stilettos/00000071.jpg,stilettos
stilettos/00000015.jpg,stilettos
stilettos/00000296.jpg,stilettos
stilettos/00000056.jpg,stilettos
stilettos/00000065.jpg,stilettos
stilettos/00000284.png,stilettos
stilettos/00000124.jpg,stilettos
stilettos/00000051.jpg,stilettos
stilettos/00000128.jpg,stilettos
stilettos/00000160.jpg,stilettos
stilettos/00000094.jpg,stilettos
stilettos/00000162.jpg,stilettos
stilettos/00000001.jpg,stilettos
stilettos/00000295.jpg,stilettos
stilettos/00000048.jpg,stilettos
stilettos/00000203.jpg,stilettos
stilettos/00000102.jpg,stilettos
stilettos/00000081.jpeg,stilettos
stilettos/00000275.png,stilettos
stilettos/00000167.jpg,stilettos
stilettos/00000182.jpg,stilettos
stilettos/00000183.jpg,stilettos
stilettos/00000125.jpg,stilettos
stilettos/00000006.jpg,stilettos
stilettos/00000027.jpg,stilettos
stilettos/00000287.jpg,stilettos
stilettos/00000186.jpg,stilettos
stilettos/00000101.jpg,stilettos
stilettos/00000270.jpg,stilettos
stilettos/00000175.jpg,stilettos
stilettos/00000283.jpg,stilettos
stilettos/00000156.jpg,stilettos
stilettos/00000087.jpg,stilettos
stilettos/00000018.jpg,stilettos
stilettos/00000158.jpg,stilettos
stilettos/00000240.jpg,stilettos
stilettos/00000288.jpg,stilettos
stilettos/00000079.jpg,stilettos
stilettos/00000119.jpg,stilettos
stilettos/00000176.jpeg,stilettos
stilettos/00000217.jpg,stilettos
stilettos/00000253.jpg,stilettos
stilettos/00000008.jpg,stilettos
stilettos/00000206.jpg,stilettos
stilettos/00000297.jpg,stilettos
stilettos/00000215.jpg,stilettos
stilettos/00000077.jpg,stilettos
stilettos/00000260.jpg,stilettos
stilettos/00000028.jpg,stilettos
stilettos/00000045.tif,stilettos
stilettos/00000218.jpg,stilettos
stilettos/00000200.jpg,stilettos
stilettos/00000105.jpg,stilettos
stilettos/00000022.jpg,stilettos
stilettos/00000290.jpg,stilettos
stilettos/00000033.jpg,stilettos
stilettos/00000032.jpg,stilettos
stilettos/00000207.jpg,stilettos
stilettos/00000202.jpg,stilettos
stilettos/00000293.jpg,stilettos
stilettos/00000208.jpeg,stilettos
stilettos/00000000.jpg,stilettos
stilettos/00000258.jpg,stilettos
stilettos/00000068.jpeg,stilettos
stilettos/00000104.jpeg,stilettos
stilettos/00000171.jpg,stilettos
stilettos/00000003.jpg,stilettos
stilettos/00000273.jpg,stilettos
stilettos/00000030.jpg,stilettos
stilettos/00000165.jpg,stilettos
stilettos/00000059.jpg,stilettos
stilettos/00000047.jpg,stilettos
stilettos/00000074.jpg,stilettos
stilettos/00000238.jpg,stilettos
stilettos/00000201.jpg,stilettos
stilettos/00000062.jpg,stilettos
stilettos/00000143.jpg,stilettos
stilettos/00000050.jpg,stilettos
stilettos/00000019.jpg,stilettos
stilettos/00000055.jpg,stilettos
stilettos/00000159.jpg,stilettos
stilettos/00000063.jpg,stilettos
stilettos/00000256.jpg,stilettos
stilettos/00000140.jpg,stilettos
stilettos/00000244.jpg,stilettos
stilettos/00000267.jpg,stilettos
stilettos/00000120.jpg,stilettos
stilettos/00000209.jpg,stilettos
stilettos/00000155.jpg,stilettos
stilettos/00000126.jpg,stilettos
stilettos/00000276.jpeg,stilettos
stilettos/00000235.jpg,stilettos
stilettos/00000198.jpg,stilettos
stilettos/00000031.jpg,stilettos
stilettos/00000239.jpg,stilettos
stilettos/00000247.jpg,stilettos
stilettos/00000148.jpg,stilettos
stilettos/00000210.jpg,stilettos
stilettos/00000285.jpg,stilettos
stilettos/00000138.jpg,stilettos
stilettos/00000164.jpeg,stilettos
stilettos/00000021.jpg,stilettos
stilettos/00000232.jpg,stilettos
stilettos/00000029.jpg,stilettos
stilettos/00000252.jpg,stilettos
stilettos/00000097.jpg,stilettos
stilettos/00000121.jpg,stilettos
stilettos/00000281.jpg,stilettos
stilettos/00000072.jpeg,stilettos
stilettos/00000073.jpeg,stilettos
stilettos/00000205.png,stilettos
stilettos/00000185.png,stilettos
stilettos/00000151.jpg,stilettos
stilettos/00000166.jpg,stilettos
stilettos/00000149.jpg,stilettos
stilettos/00000085.jpg,stilettos
stilettos/00000228.jpg,stilettos
stilettos/00000225.jpg,stilettos
stilettos/00000084.jpg,stilettos
stilettos/00000236.jpg,stilettos
stilettos/00000111.jpg,stilettos
stilettos/00000174.jpg,stilettos
stilettos/00000278.jpg,stilettos
stilettos/00000169.jpg,stilettos
stilettos/00000289.jpg,stilettos
stilettos/00000229.jpg,stilettos
stilettos/00000153.jpg,stilettos
stilettos/00000122.tif,stilettos
stilettos/00000196.jpg,stilettos
stilettos/00000243.jpg,stilettos
stilettos/00000254.jpg,stilettos
stilettos/00000039.jpg,stilettos
stilettos/00000179.jpg,stilettos
stilettos/00000259.jpg,stilettos
stilettos/00000224.jpg,stilettos
stilettos/00000025.jpg,stilettos
stilettos/00000219.jpeg,stilettos
stilettos/00000274.jpeg,stilettos
stilettos/00000154.jpg,stilettos
stilettos/00000042.jpg,stilettos
stilettos/00000049.jpg,stilettos
stilettos/00000212.jpg,stilettos
stilettos/00000172.jpg,stilettos
stilettos/00000233.jpg,stilettos
stilettos/00000163.jpg,stilettos
stilettos/00000226.jpg,stilettos
stilettos/00000080.jpg,stilettos
stilettos/00000012.jpg,stilettos
stilettos/00000082.jpg,stilettos
stilettos/00000170.jpg,stilettos
stilettos/00000035.jpg,stilettos
stilettos/00000016.jpg,stilettos
stilettos/00000060.jpg,stilettos
stilettos/00000199.jpg,stilettos
stilettos/00000070.jpg,stilettos
stilettos/00000037.jpg,stilettos
stilettos/00000113.jpg,stilettos
stilettos/00000099.jpg,stilettos
stilettos/00000061.jpg,stilettos
stilettos/00000090.jpg,stilettos
stilettos/00000242.jpg,stilettos
stilettos/00000272.jpg,stilettos
stilettos/00000262.jpg,stilettos
stilettos/00000014.jpg,stilettos
stilettos/00000083.jpg,stilettos
stilettos/00000187.jpg,stilettos
stilettos/00000263.jpg,stilettos
stilettos/00000134.jpg,stilettos
stilettos/00000251.jpg,stilettos
stilettos/00000257.jpg,stilettos
stilettos/00000034.jpg,stilettos
stilettos/00000241.jpeg,stilettos
stilettos/00000180.jpg,stilettos
stilettos/00000192.jpg,stilettos
stilettos/00000093.jpg,stilettos
stilettos/00000091.jpg,stilettos
stilettos/00000194.jpg,stilettos
stilettos/00000139.jpg,stilettos
stilettos/00000009.jpg,stilettos
stilettos/00000069.jpg,stilettos
stilettos/00000118.jpg,stilettos
stilettos/00000095.png,stilettos
stilettos/00000115.jpg,stilettos
stilettos/00000264.jpg,stilettos
stilettos/00000066.jpg,stilettos
stilettos/00000214.png,stilettos
stilettos/00000266.jpg,stilettos
stilettos/00000058.png,stilettos
stilettos/00000024.jpg,stilettos
stilettos/00000279.png,stilettos
stilettos/00000076.jpg,stilettos
stilettos/00000108.jpg,stilettos
stilettos/00000146.jpg,stilettos
stilettos/00000204.jpg,stilettos
stilettos/00000020.jpg,stilettos
stilettos/00000110.jpg,stilettos
stilettos/00000116.jpg,stilettos
boots/00000222.jpg,boots
boots/00000026.jpg,boots
boots/00000052.jpg,boots
boots/00000205.jpg,boots
boots/00000168.jpg,boots
boots/00000208.jpg,boots
boots/00000193.jpg,boots
boots/00000123.jpg,boots
boots/00000106.jpg,boots
boots/00000145.jpg,boots
boots/00000132.jpg,boots
boots/00000136.jpg,boots
boots/00000237.jpg,boots
boots/00000294.jpg,boots
boots/00000248.jpg,boots
boots/00000152.jpg,boots
boots/00000213.jpg,boots
boots/00000130.jpg,boots
boots/00000299.jpg,boots
boots/00000013.jpg,boots
boots/00000197.jpg,boots
boots/00000268.jpg,boots
boots/00000058.jpg,boots
boots/00000188.jpg,boots
boots/00000211.jpg,boots
boots/00000176.JPG,boots
boots/00000046.jpg,boots
boots/00000189.jpg,boots
boots/00000007.jpg,boots
boots/00000067.jpg,boots
boots/00000231.jpg,boots
boots/00000190.jpg,boots
boots/00000173.jpg,boots
boots/00000142.jpg,boots
boots/00000269.jpg,boots
boots/00000221.jpg,boots
boots/00000249.jpg,boots
boots/00000220.jpg,boots
boots/00000144.jpeg,boots
boots/00000054.jpg,boots
boots/00000004.jpg,boots
boots/00000078.jpg,boots
boots/00000181.jpg,boots
boots/00000075.tif,boots
boots/00000053.jpg,boots
boots/00000017.jpg,boots
boots/00000086.jpg,boots
boots/00000088.jpg,boots
boots/00000044.jpg,boots
boots/00000104.jpg,boots
boots/00000036.jpg,boots
boots/00000133.jpg,boots
boots/00000270.JPG,boots
boots/00000137.jpg,boots
boots/00000292.jpg,boots
boots/00000157.jpg,boots
boots/00000041.jpg,boots
boots/00000038.jpg,boots
boots/00000261.jpg,boots
boots/00000298.jpg,boots
boots/00000150.jpg,boots
boots/00000098.jpg,boots
boots/00000129.jpg,boots
boots/00000178.JPG,boots
boots/00000109.jpg,boots
boots/00000184.jpg,boots
boots/00000043.jpg,boots
boots/00000057.jpg,boots
boots/00000271.jpg,boots
boots/00000227.jpg,boots
boots/00000191.jpg,boots
boots/00000040.jpg,boots
boots/00000010.jpg,boots
boots/00000089.JPG,boots
boots/00000103.jpg,boots
boots/00000282.jpg,boots
boots/00000250.jpg,boots
boots/00000223.jpg,boots
boots/00000096.jpg,boots
boots/00000100.jpg,boots
boots/00000117.jpg,boots
boots/00000112.jpg,boots
boots/00000072.jpg,boots
boots/00000002.jpg,boots
boots/00000147.jpg,boots
boots/00000064.jpg,boots
boots/00000071.jpg,boots
boots/00000015.jpg,boots
boots/00000296.jpg,boots
boots/00000056.jpg,boots
boots/00000065.jpg,boots
boots/00000124.jpg,boots
boots/00000051.jpg,boots
boots/00000128.jpg,boots
boots/00000160.jpg,boots
boots/00000094.jpg,boots
boots/00000162.jpg,boots
boots/00000001.jpg,boots
boots/00000295.jpg,boots
boots/00000229.JPG,boots
boots/00000048.jpg,boots
boots/00000203.jpg,boots
boots/00000102.jpg,boots
boots/00000081.jpeg,boots
boots/00000167.jpg,boots
boots/00000182.jpg,boots
boots/00000183.jpg,boots
boots/00000125.jpg,boots
boots/00000006.jpg,boots
boots/00000127.jpg,boots
boots/00000027.jpg,boots
boots/00000135.tif,boots
boots/00000287.jpg,boots
boots/00000186.jpg,boots
boots/00000101.jpg,boots
boots/00000095.jpg,boots
boots/00000175.jpg,boots
boots/00000174.jpeg,boots
boots/00000283.jpg,boots
boots/00000156.jpg,boots
boots/00000087.jpg,boots
boots/00000018.jpg,boots
boots/00000158.jpg,boots
boots/00000240.jpg,boots
boots/00000288.jpg,boots
boots/00000079.jpg,boots
boots/00000276.jpg,boots
boots/00000119.jpg,boots
boots/00000217.jpg,boots
boots/00000253.jpg,boots
boots/00000241.jpg,boots
boots/00000008.jpg,boots
boots/00000206.jpg,boots
boots/00000297.jpg,boots
boots/00000215.jpg,boots
boots/00000077.jpg,boots
boots/00000260.jpg,boots
boots/00000028.jpg,boots
boots/00000218.jpg,boots
boots/00000200.jpg,boots
boots/00000022.jpg,boots
boots/00000290.jpg,boots
boots/00000033.jpg,boots
boots/00000207.jpg,boots
boots/00000202.jpg,boots
boots/00000293.jpg,boots
boots/00000000.jpg,boots
boots/00000258.jpg,boots
boots/00000277.jpg,boots
boots/00000171.jpg,boots
boots/00000185.jpg,boots
boots/00000003.jpg,boots
boots/00000273.jpg,boots
boots/00000030.jpg,boots
boots/00000165.jpg,boots
boots/00000059.jpg,boots
boots/00000047.jpg,boots
boots/00000074.jpg,boots
boots/00000238.jpg,boots
boots/00000201.jpg,boots
boots/00000143.jpg,boots
boots/00000050.jpg,boots
boots/00000195.jpg,boots
boots/00000019.jpg,boots
boots/00000055.jpg,boots
boots/00000159.jpg,boots
boots/00000256.jpg,boots
boots/00000291.jpg,boots
boots/00000244.jpg,boots
boots/00000045.jpg,boots
boots/00000267.jpg,boots
boots/00000120.jpg,boots
boots/00000155.jpg,boots
boots/00000126.jpg,boots
boots/00000235.jpg,boots
boots/00000198.jpg,boots
boots/00000180.jpeg,boots
boots/00000239.jpg,boots
boots/00000247.jpg,boots
boots/00000148.jpg,boots
boots/00000210.jpg,boots
boots/00000285.jpg,boots
boots/00000138.jpg,boots
boots/00000021.jpg,boots
boots/00000232.jpg,boots
boots/00000029.jpg,boots
boots/00000234.jpg,boots
boots/00000252.jpg,boots
boots/00000097.jpg,boots
boots/00000121.jpg,boots
boots/00000281.jpg,boots
boots/00000151.jpg,boots
boots/00000023.jpg,boots
boots/00000166.jpg,boots
boots/00000149.jpg,boots
boots/00000085.jpg,boots
boots/00000228.jpg,boots
boots/00000225.jpg,boots
boots/00000236.jpg,boots
boots/00000111.jpg,boots
boots/00000278.jpg,boots
boots/00000169.jpg,boots
boots/00000289.jpg,boots
boots/00000068.jpg,boots
boots/00000063.tif,boots
boots/00000153.jpg,boots
boots/00000196.jpg,boots
boots/00000011.jpg,boots
boots/00000243.jpg,boots
boots/00000255.jpg,boots
boots/00000254.jpg,boots
boots/00000039.jpg,boots
boots/00000259.jpg,boots
boots/00000224.jpg,boots
boots/00000025.jpg,boots
boots/00000154.jpg,boots
boots/00000042.jpg,boots
boots/00000049.jpg,boots
boots/00000212.jpg,boots
boots/00000107.jpg,boots
boots/00000172.jpg,boots
boots/00000233.jpg,boots
boots/00000163.jpg,boots
boots/00000226.jpg,boots
boots/00000245.jpg,boots
boots/00000080.jpg,boots
boots/00000012.jpg,boots
boots/00000082.jpg,boots
boots/00000170.jpg,boots
boots/00000177.jpg,boots
boots/00000035.jpg,boots
boots/00000246.jpg,boots
boots/00000016.jpg,boots
boots/00000199.jpg,boots
boots/00000070.jpg,boots
boots/00000037.jpg,boots
boots/00000113.jpg,boots
boots/00000099.jpg,boots
boots/00000090.jpg,boots
boots/00000242.jpg,boots
boots/00000131.jpg,boots
boots/00000272.jpg,boots
boots/00000262.jpg,boots
boots/00000014.jpg,boots
boots/00000083.jpg,boots
boots/00000187.jpg,boots
boots/00000263.jpg,boots
boots/00000134.jpg,boots
boots/00000280.jpg,boots
boots/00000251.jpg,boots
boots/00000257.jpg,boots
boots/00000034.jpg,boots
boots/00000105.JPG,boots
boots/00000108.JPG,boots
boots/00000092.jpg,boots
boots/00000192.jpg,boots
boots/00000093.jpg,boots
boots/00000164.jpg,boots
boots/00000031.JPG,boots
boots/00000091.jpg,boots
boots/00000139.jpg,boots
boots/00000274.png,boots
boots/00000009.jpg,boots
boots/00000118.jpg,boots
boots/00000115.jpg,boots
boots/00000264.jpg,boots
boots/00000266.jpg,boots
boots/00000024.jpg,boots
boots/00000216.jpg,boots
boots/00000284.jpg,boots
boots/00000076.jpg,boots
boots/00000060.tif,boots
boots/00000275.jpg,boots
boots/00000141.JPG,boots
boots/00000146.jpg,boots
boots/00000204.jpg,boots
boots/00000069.JPG,boots
boots/00000020.jpg,boots
boots/00000110.jpg,boots
boots/00000116.jpg,boots
sneakers/00000264.png,sneakers
sneakers/00000222.jpg,sneakers
sneakers/00000026.jpg,sneakers
sneakers/00000061.png,sneakers
sneakers/00000052.jpg,sneakers
sneakers/00000205.jpg,sneakers
sneakers/00000168.jpg,sneakers
sneakers/00000208.jpg,sneakers
sneakers/00000193.jpg,sneakers
sneakers/00000176.jpg,sneakers
sneakers/00000123.jpg,sneakers
sneakers/00000106.jpg,sneakers
sneakers/00000190.jpeg,sneakers
sneakers/00000178.jpg,sneakers
sneakers/00000145.jpg,sneakers
sneakers/00000132.jpg,sneakers
sneakers/00000136.jpg,sneakers
sneakers/00000237.jpg,sneakers
sneakers/00000294.jpg,sneakers
sneakers/00000152.jpg,sneakers
sneakers/00000213.jpg,sneakers
sneakers/00000130.jpg,sneakers
sneakers/00000299.jpg,sneakers
sneakers/00000013.jpg,sneakers
sneakers/00000231.png,sneakers
sneakers/00000197.jpg,sneakers
sneakers/00000268.jpg,sneakers
sneakers/00000058.jpg,sneakers
sneakers/00000211.jpg,sneakers
sneakers/00000046.jpg,sneakers
sneakers/00000161.jpg,sneakers
sneakers/00000189.jpg,sneakers
sneakers/00000067.jpg,sneakers
sneakers/00000142.jpg,sneakers
sneakers/00000269.jpg,sneakers
sneakers/00000221.jpg,sneakers
sneakers/00000249.jpg,sneakers
sneakers/00000220.jpg,sneakers
sneakers/00000054.jpg,sneakers
sneakers/00000078.jpg,sneakers
sneakers/00000181.jpg,sneakers
sneakers/00000053.jpg,sneakers
sneakers/00000230.jpg,sneakers
sneakers/00000017.jpg,sneakers
sneakers/00000086.jpg,sneakers
sneakers/00000088.jpg,sneakers
sneakers/00000248.jpeg,sneakers
sneakers/00000044.jpg,sneakers
sneakers/00000104.jpg,sneakers
sneakers/00000089.jpg,sneakers
sneakers/00000133.jpg,sneakers
sneakers/00000137.jpg,sneakers
sneakers/00000292.jpg,sneakers
sneakers/00000157.jpg,sneakers
sneakers/00000005.jpg,sneakers
sneakers/00000041.jpg,sneakers
sneakers/00000141.jpg,sneakers
sneakers/00000038.jpg,sneakers
sneakers/00000261.jpg,sneakers
sneakers/00000298.jpg,sneakers
sneakers/00000150.jpg,sneakers
sneakers/00000214.jpg,sneakers
sneakers/00000098.jpg,sneakers
sneakers/00000129.jpg,sneakers
sneakers/00000184.jpg,sneakers
sneakers/00000043.jpg,sneakers
sneakers/00000075.jpg,sneakers
sneakers/00000057.jpg,sneakers
sneakers/00000081.jpg,sneakers
sneakers/00000227.jpg,sneakers
sneakers/00000191.jpg,sneakers
sneakers/00000010.jpg,sneakers
sneakers/00000114.jpg,sneakers
sneakers/00000103.jpg,sneakers
sneakers/00000270.tif,sneakers
sneakers/00000250.jpg,sneakers
sneakers/00000223.jpg,sneakers
sneakers/00000096.jpg,sneakers
sneakers/00000100.jpg,sneakers
sneakers/00000265.jpg,sneakers
sneakers/00000117.jpg,sneakers
sneakers/00000112.jpg,sneakers
sneakers/00000072.jpg,sneakers
sneakers/00000002.jpg,sneakers
sneakers/00000147.jpg,sneakers
sneakers/00000064.jpg,sneakers
sneakers/00000015.jpg,sneakers
sneakers/00000296.jpg,sneakers
sneakers/00000056.jpg,sneakers
sneakers/00000282.png,sneakers
sneakers/00000065.jpg,sneakers
sneakers/00000124.jpg,sneakers
sneakers/00000051.jpg,sneakers
sneakers/00000128.jpg,sneakers
sneakers/00000160.jpg,sneakers
sneakers/00000094.jpg,sneakers
sneakers/00000162.jpg,sneakers
sneakers/00000001.jpg,sneakers
sneakers/00000048.jpg,sneakers
sneakers/00000203.jpg,sneakers
sneakers/00000102.jpg,sneakers
sneakers/00000279.jpg,sneakers
sneakers/00000167.jpg,sneakers
sneakers/00000182.jpg,sneakers
sneakers/00000183.jpg,sneakers
sneakers/00000125.jpg,sneakers
sneakers/00000006.jpg,sneakers
sneakers/00000290.jpeg,sneakers
sneakers/00000127.jpg,sneakers
sneakers/00000027.jpg,sneakers
sneakers/00000287.jpg,sneakers
sneakers/00000173.tif,sneakers
sneakers/00000186.jpg,sneakers
sneakers/00000285.jpeg,sneakers
sneakers/00000095.jpg,sneakers
sneakers/00000175.jpg,sneakers
sneakers/00000283.jpg,sneakers
sneakers/00000156.jpg,sneakers
sneakers/00000004.jpeg,sneakers
sneakers/00000018.jpg,sneakers
sneakers/00000158.jpg,sneakers
sneakers/00000288.jpg,sneakers
sneakers/00000071.jpeg,sneakers
sneakers/00000079.jpg,sneakers
sneakers/00000276.jpg,sneakers
sneakers/00000119.jpg,sneakers
sneakers/00000206.jpeg,sneakers
sneakers/00000217.jpg,sneakers
sneakers/00000253.jpg,sneakers
sneakers/00000008.jpg,sneakers
sneakers/00000215.jpg,sneakers
sneakers/00000126.tif,sneakers
sneakers/00000077.jpg,sneakers
sneakers/00000260.jpg,sneakers
sneakers/00000028.jpg,sneakers
sneakers/00000218.jpg,sneakers
sneakers/00000200.jpg,sneakers
sneakers/00000105.jpg,sneakers
sneakers/00000022.jpg,sneakers
sneakers/00000033.jpg,sneakers
sneakers/00000032.jpg,sneakers
sneakers/00000207.jpg,sneakers
sneakers/00000202.jpg,sneakers
sneakers/00000293.jpg,sneakers
sneakers/00000258.jpg,sneakers
sneakers/00000277.jpg,sneakers
sneakers/00000171.jpg,sneakers
sneakers/00000185.jpg,sneakers
sneakers/00000003.jpg,sneakers
sneakers/00000040.png,sneakers
sneakers/00000273.jpg,sneakers
sneakers/00000030.jpg,sneakers
sneakers/00000165.jpg,sneakers
sneakers/00000059.jpg,sneakers
sneakers/00000047.jpg,sneakers
sneakers/00000074.jpg,sneakers
sneakers/00000238.jpg,sneakers
sneakers/00000201.jpg,sneakers
sneakers/00000062.jpg,sneakers
sneakers/00000143.jpg,sneakers
sneakers/00000050.jpg,sneakers
sneakers/00000019.jpg,sneakers
sneakers/00000055.jpg,sneakers
sneakers/00000159.jpg,sneakers
sneakers/00000256.jpg,sneakers
sneakers/00000140.jpg,sneakers
sneakers/00000291.jpg,sneakers
sneakers/00000000.jpeg,sneakers
sneakers/00000045.jpg,sneakers
sneakers/00000226.jpeg,sneakers
sneakers/00000267.jpg,sneakers
sneakers/00000209.jpg,sneakers
sneakers/00000155.jpg,sneakers
sneakers/00000235.jpg,sneakers
sneakers/00000198.jpg,sneakers
sneakers/00000031.jpg,sneakers
sneakers/00000239.jpg,sneakers
sneakers/00000247.jpg,sneakers
sneakers/00000148.jpg,sneakers
sneakers/00000210.jpg,sneakers
sneakers/00000138.jpg,sneakers
sneakers/00000021.jpg,sneakers
sneakers/00000035.png,sneakers
sneakers/00000232.jpg,sneakers
sneakers/00000029.jpg,sneakers
sneakers/00000252.jpg,sneakers
sneakers/00000097.jpg,sneakers
sneakers/00000121.jpg,sneakers
sneakers/00000281.jpg,sneakers
sneakers/00000135.jpeg,sneakers
sneakers/00000151.jpg,sneakers
sneakers/00000023.jpg,sneakers
sneakers/00000166.jpg,sneakers
sneakers/00000149.jpg,sneakers
sneakers/00000085.jpg,sneakers
sneakers/00000228.jpg,sneakers
sneakers/00000225.jpg,sneakers
sneakers/00000084.jpg,sneakers
sneakers/00000236.jpg,sneakers
sneakers/00000111.jpg,sneakers
sneakers/00000174.jpg,sneakers
sneakers/00000278.jpg,sneakers
sneakers/00000169.jpg,sneakers
sneakers/00000109.jpeg,sneakers
sneakers/00000289.jpg,sneakers
sneakers/00000068.jpg,sneakers
sneakers/00000063.tif,sneakers
sneakers/00000229.jpg,sneakers
sneakers/00000153.jpg,sneakers
sneakers/00000196.jpg,sneakers
sneakers/00000011.jpg,sneakers
sneakers/00000243.jpg,sneakers
sneakers/00000255.jpg,sneakers
sneakers/00000254.jpg,sneakers
sneakers/00000039.jpg,sneakers
sneakers/00000179.jpg,sneakers
sneakers/00000259.jpg,sneakers
sneakers/00000224.jpg,sneakers
sneakers/00000025.jpg,sneakers
sneakers/00000274.jpg,sneakers
sneakers/00000036.jpeg,sneakers
sneakers/00000154.jpg,sneakers
sneakers/00000257.jpeg,sneakers
sneakers/00000042.jpg,sneakers
sneakers/00000049.jpg,sneakers
sneakers/00000212.jpg,sneakers
sneakers/00000107.jpg,sneakers
sneakers/00000172.jpg,sneakers
sneakers/00000233.jpg,sneakers
sneakers/00000122.jpg,sneakers
sneakers/00000245.jpg,sneakers
sneakers/00000080.jpg,sneakers
sneakers/00000012.jpg,sneakers
sneakers/00000082.jpg,sneakers
sneakers/00000170.jpg,sneakers
sneakers/00000177.jpg,sneakers
sneakers/00000016.jpg,sneakers
sneakers/00000060.jpg,sneakers
sneakers/00000199.jpg,sneakers
sneakers/00000070.jpg,sneakers
sneakers/00000037.jpg,sneakers
sneakers/00000113.jpg,sneakers
sneakers/00000099.jpg,sneakers
sneakers/00000090.jpg,sneakers
sneakers/00000007.jpeg,sneakers
sneakers/00000242.jpg,sneakers
sneakers/00000131.jpg,sneakers
sneakers/00000272.jpg,sneakers
sneakers/00000262.jpg,sneakers
sneakers/00000014.jpg,sneakers
sneakers/00000083.jpg,sneakers
sneakers/00000187.jpg,sneakers
sneakers/00000263.jpg,sneakers
sneakers/00000134.jpg,sneakers
sneakers/00000280.jpg,sneakers
sneakers/00000251.jpg,sneakers
sneakers/00000034.jpg,sneakers
sneakers/00000241.jpeg,sneakers
sneakers/00000092.jpg,sneakers
sneakers/00000180.jpg,sneakers
sneakers/00000192.jpg,sneakers
sneakers/00000093.jpg,sneakers
sneakers/00000164.jpg,sneakers
sneakers/00000091.jpg,sneakers
sneakers/00000194.jpg,sneakers
sneakers/00000139.jpg,sneakers
sneakers/00000219.jpg,sneakers
sneakers/00000009.jpg,sneakers
sneakers/00000069.jpg,sneakers
sneakers/00000118.jpg,sneakers
sneakers/00000115.jpg,sneakers
sneakers/00000066.jpg,sneakers
sneakers/00000266.jpg,sneakers
sneakers/00000024.jpg,sneakers
sneakers/00000216.jpg,sneakers
sneakers/00000271.jpeg,sneakers
sneakers/00000284.jpg,sneakers
sneakers/00000076.jpg,sneakers
sneakers/00000275.jpg,sneakers
sneakers/00000108.jpg,sneakers
sneakers/00000146.jpg,sneakers
sneakers/00000204.jpg,sneakers
sneakers/00000020.jpg,sneakers
sneakers/00000110.jpg,sneakers
sneakers/00000116.jpg,sneakers
sneakers/00000073.jpg,sneakers
